constructname,categorynumber
pGP-SIV-(SalI)-syn-6xHis-noRSET--1NIW_F14I_LKI_GCaMP6s_IRES-nls-mCherry-WPRE.500.10,500dot10
pGP-SIV-(SalI)-syn-6xHis-noRSET--1NIW_S26F_LKI_GCaMP6s_IRES-nls-mCherry-WPRE.500.100,500dot100
pGP-SIV-(SalI)-syn-6xHis-noRSET--1NIW_S26G_LKI_GCaMP6s_IRES-nls-mCherry-WPRE.500.101,500dot101
pGP-SIV-(SalI)-syn-6xHis-noRSET--1NIW_S26H_LKI_GCaMP6s_IRES-nls-mCherry-WPRE.500.102,500dot102
pGP-SIV-(SalI)-syn-6xHis-noRSET--1NIW_S26I_LKI_GCaMP6s_IRES-nls-mCherry-WPRE.500.103,500dot103
pGP-SIV-(SalI)-syn-6xHis-noRSET--1NIW_S26K_LKI_GCaMP6s_IRES-nls-mCherry-WPRE.500.104,500dot104
pGP-SIV-(SalI)-syn-6xHis-noRSET--1NIW_S26L_LKI_GCaMP6s_IRES-nls-mCherry-WPRE.500.105,500dot105
pGP-SIV-(SalI)-syn-6xHis-noRSET--1NIW_S26M_LKI_GCaMP6s_IRES-nls-mCherry-WPRE.500.106,500dot106
pGP-SIV-(SalI)-syn-6xHis-noRSET--1NIW_S26N_LKI_GCaMP6s_IRES-nls-mCherry-WPRE.500.107,500dot107
pGP-SIV-(SalI)-syn-6xHis-noRSET--1NIW_S26P_LKI_GCaMP6s_IRES-nls-mCherry-WPRE.500.108,500dot108
pGP-SIV-(SalI)-syn-6xHis-noRSET--1NIW_S26Q_LKI_GCaMP6s_IRES-nls-mCherry-WPRE.500.109,500dot109
pGP-SIV-(SalI)-syn-6xHis-noRSET--1NIW_F14K_LKI_GCaMP6s_IRES-nls-mCherry-WPRE.500.11,500dot11
pGP-SIV-(SalI)-syn-6xHis-noRSET--1NIW_S26R_LKI_GCaMP6s_IRES-nls-mCherry-WPRE.500.110,500dot110
pGP-SIV-(SalI)-syn-6xHis-noRSET--1NIW_S26T_LKI_GCaMP6s_IRES-nls-mCherry-WPRE.500.111,500dot111
pGP-SIV-(SalI)-syn-6xHis-noRSET--1NIW_S26V_LKI_GCaMP6s_IRES-nls-mCherry-WPRE.500.112,500dot112
pGP-SIV-(SalI)-syn-6xHis-noRSET--1NIW_S26W_LKI_GCaMP6s_IRES-nls-mCherry-WPRE.500.113,500dot113
pGP-SIV-(SalI)-syn-6xHis-noRSET--1NIW_S26Y_LKI_GCaMP6s_IRES-nls-mCherry-WPRE.500.114,500dot114
pGP-SIV-(SalI)-syn-6xHis-noRSET--1NIW_S26D_LKI_GCaMP6s_IRES-nls-mCherry-WPRE.500.115,500dot115
pGP-SIV-(SalI)-syn-6xHis-noRSET--1NIW_M28A_LKI_GCaMP6s_IRES-nls-mCherry-WPRE.500.116,500dot116
pGP-SIV-(SalI)-syn-6xHis-noRSET--1NIW_M28C_LKI_GCaMP6s_IRES-nls-mCherry-WPRE.500.117,500dot117
pGP-SIV-(SalI)-syn-6xHis-noRSET--1NIW_M28D_LKI_GCaMP6s_IRES-nls-mCherry-WPRE.500.118,500dot118
pGP-SIV-(SalI)-syn-6xHis-noRSET--1NIW_M28E_LKI_GCaMP6s_IRES-nls-mCherry-WPRE.500.119,500dot119
pGP-SIV-(SalI)-syn-6xHis-noRSET--1NIW_F14L_LKI_GCaMP6s_IRES-nls-mCherry-WPRE.500.12,500dot12
pGP-SIV-(SalI)-syn-6xHis-noRSET--1NIW_M28F_LKI_GCaMP6s_IRES-nls-mCherry-WPRE.500.120,500dot120
pGP-SIV-(SalI)-syn-6xHis-noRSET--1NIW_M28G_LKI_GCaMP6s_IRES-nls-mCherry-WPRE.500.121,500dot121
pGP-SIV-(SalI)-syn-6xHis-noRSET--1NIW_M28H_LKI_GCaMP6s_IRES-nls-mCherry-WPRE.500.122,500dot122
pGP-SIV-(SalI)-syn-6xHis-noRSET--1NIW_M28I_LKI_GCaMP6s_IRES-nls-mCherry-WPRE.500.123,500dot123
pGP-SIV-(SalI)-syn-6xHis-noRSET--1NIW_M28K_LKI_GCaMP6s_IRES-nls-mCherry-WPRE.500.124,500dot124
pGP-SIV-(SalI)-syn-6xHis-noRSET--1NIW_M28L_LKI_GCaMP6s_IRES-nls-mCherry-WPRE.500.125,500dot125
pGP-SIV-(SalI)-syn-6xHis-noRSET--1NIW_M28N_LKI_GCaMP6s_IRES-nls-mCherry-WPRE.500.126,500dot126
pGP-SIV-(SalI)-syn-6xHis-noRSET--1NIW_M28P_LKI_GCaMP6s_IRES-nls-mCherry-WPRE.500.127,500dot127
pGP-SIV-(SalI)-syn-6xHis-noRSET--1NIW_M28Q_LKI_GCaMP6s_IRES-nls-mCherry-WPRE.500.128,500dot128
pGP-SIV-(SalI)-syn-6xHis-noRSET--1NIW_M28R_LKI_GCaMP6s_IRES-nls-mCherry-WPRE.500.129,500dot129
pGP-SIV-(SalI)-syn-6xHis-noRSET--1NIW_F14M_LKI_GCaMP6s_IRES-nls-mCherry-WPRE.500.13,500dot13
pGP-SIV-(SalI)-syn-6xHis-noRSET--1NIW_M28S_LKI_GCaMP6s_IRES-nls-mCherry-WPRE.500.130,500dot130
pGP-SIV-(SalI)-syn-6xHis-noRSET--1NIW_M28T_LKI_GCaMP6s_IRES-nls-mCherry-WPRE.500.131,500dot131
pGP-SIV-(SalI)-syn-6xHis-noRSET--1NIW_M28V_LKI_GCaMP6s_IRES-nls-mCherry-WPRE.500.132,500dot132
pGP-SIV-(SalI)-syn-6xHis-noRSET--1NIW_M28W_LKI_GCaMP6s_IRES-nls-mCherry-WPRE.500.133,500dot133
pGP-SIV-(SalI)-syn-6xHis-noRSET--1NIW_M28Y_LKI_GCaMP6s_IRES-nls-mCherry-WPRE.500.134,500dot134
pGP-SIV-(SalI)-syn-6xHis-noRSET--1NIW_H50A_LKI_GCaMP6s_IRES-nls-mCherry-WPRE.500.135,500dot135
pGP-SIV-(SalI)-syn-6xHis-noRSET--1NIW_H50C_LKI_GCaMP6s_IRES-nls-mCherry-WPRE.500.136,500dot136
pGP-SIV-(SalI)-syn-6xHis-noRSET--1NIW_H50D_LKI_GCaMP6s_IRES-nls-mCherry-WPRE.500.137,500dot137
pGP-SIV-(SalI)-syn-6xHis-noRSET--1NIW_H50E_LKI_GCaMP6s_IRES-nls-mCherry-WPRE.500.138,500dot138
pGP-SIV-(SalI)-syn-6xHis-noRSET--1NIW_H50F_LKI_GCaMP6s_IRES-nls-mCherry-WPRE.500.139,500dot139
pGP-SIV-(SalI)-syn-6xHis-noRSET--1NIW_F14N_LKI_GCaMP6s_IRES-nls-mCherry-WPRE.500.14,500dot14
pGP-SIV-(SalI)-syn-6xHis-noRSET--1NIW_H50G_LKI_GCaMP6s_IRES-nls-mCherry-WPRE.500.140,500dot140
pGP-SIV-(SalI)-syn-6xHis-noRSET--1NIW_H50I_LKI_GCaMP6s_IRES-nls-mCherry-WPRE.500.141,500dot141
pGP-SIV-(SalI)-syn-6xHis-noRSET--1NIW_H50K_LKI_GCaMP6s_IRES-nls-mCherry-WPRE.500.142,500dot142
pGP-SIV-(SalI)-syn-6xHis-noRSET--1NIW_H50L_LKI_GCaMP6s_IRES-nls-mCherry-WPRE.500.143,500dot143
pGP-SIV-(SalI)-syn-6xHis-noRSET--1NIW_H50M_LKI_GCaMP6s_IRES-nls-mCherry-WPRE.500.144,500dot144
pGP-SIV-(SalI)-syn-6xHis-noRSET--1NIW_H50N_LKI_GCaMP6s_IRES-nls-mCherry-WPRE.500.145,500dot145
pGP-SIV-(SalI)-syn-6xHis-noRSET--1NIW_H50P_LKI_GCaMP6s_IRES-nls-mCherry-WPRE.500.146,500dot146
pGP-SIV-(SalI)-syn-6xHis-noRSET--1NIW_H50Q_LKI_GCaMP6s_IRES-nls-mCherry-WPRE.500.147,500dot147
pGP-SIV-(SalI)-syn-6xHis-noRSET--1NIW_H50R_LKI_GCaMP6s_IRES-nls-mCherry-WPRE.500.148,500dot148
pGP-SIV-(SalI)-syn-6xHis-noRSET--1NIW_H50S_LKI_GCaMP6s_IRES-nls-mCherry-WPRE.500.149,500dot149
pGP-SIV-(SalI)-syn-6xHis-noRSET--1NIW_F14P_LKI_GCaMP6s_IRES-nls-mCherry-WPRE.500.15,500dot15
pGP-SIV-(SalI)-syn-6xHis-noRSET--1NIW_H50T_LKI_GCaMP6s_IRES-nls-mCherry-WPRE.500.150,500dot150
pGP-SIV-(SalI)-syn-6xHis-noRSET--1NIW_H50V_LKI_GCaMP6s_IRES-nls-mCherry-WPRE.500.151,500dot151
pGP-SIV-(SalI)-syn-6xHis-noRSET--1NIW_H50W_LKI_GCaMP6s_IRES-nls-mCherry-WPRE.500.152,500dot152
pGP-SIV-(SalI)-syn-6xHis-noRSET--1NIW_H50Y_LKI_GCaMP6s_IRES-nls-mCherry-WPRE.500.153,500dot153
pGP-SIV-(SalI)-syn-6xHis-noRSET--1NIW_S86A_LKI_GCaMP6s_IRES-nls-mCherry-WPRE.500.154,500dot154
pGP-SIV-(SalI)-syn-6xHis-noRSET--1NIW_S86C_LKI_GCaMP6s_IRES-nls-mCherry-WPRE.500.155,500dot155
pGP-SIV-(SalI)-syn-6xHis-noRSET--1NIW_S86D_LKI_GCaMP6s_IRES-nls-mCherry-WPRE.500.156,500dot156
pGP-SIV-(SalI)-syn-6xHis-noRSET--1NIW_S86E_LKI_GCaMP6s_IRES-nls-mCherry-WPRE.500.157,500dot157
pGP-SIV-(SalI)-syn-6xHis-noRSET--1NIW_S86F_LKI_GCaMP6s_IRES-nls-mCherry-WPRE.500.158,500dot158
pGP-SIV-(SalI)-syn-6xHis-noRSET--1NIW_S86G_LKI_GCaMP6s_IRES-nls-mCherry-WPRE.500.159,500dot159
pGP-SIV-(SalI)-syn-6xHis-noRSET--1NIW_F14Q_LKI_GCaMP6s_IRES-nls-mCherry-WPRE.500.16,500dot16
pGP-SIV-(SalI)-syn-6xHis-noRSET--1NIW_S86H_LKI_GCaMP6s_IRES-nls-mCherry-WPRE.500.160,500dot160
pGP-SIV-(SalI)-syn-6xHis-noRSET--1NIW_S86I_LKI_GCaMP6s_IRES-nls-mCherry-WPRE.500.161,500dot161
pGP-SIV-(SalI)-syn-6xHis-noRSET--1NIW_S86K_LKI_GCaMP6s_IRES-nls-mCherry-WPRE.500.162,500dot162
pGP-SIV-(SalI)-syn-6xHis-noRSET--1NIW_S86L_LKI_GCaMP6s_IRES-nls-mCherry-WPRE.500.163,500dot163
pGP-SIV-(SalI)-syn-6xHis-noRSET--1NIW_S86M_LKI_GCaMP6s_IRES-nls-mCherry-WPRE.500.164,500dot164
pGP-SIV-(SalI)-syn-6xHis-noRSET--1NIW_S86N_LKI_GCaMP6s_IRES-nls-mCherry-WPRE.500.165,500dot165
pGP-SIV-(SalI)-syn-6xHis-noRSET--1NIW_S86P_LKI_GCaMP6s_IRES-nls-mCherry-WPRE.500.166,500dot166
pGP-SIV-(SalI)-syn-6xHis-noRSET--1NIW_S86Q_LKI_GCaMP6s_IRES-nls-mCherry-WPRE.500.167,500dot167
pGP-SIV-(SalI)-syn-6xHis-noRSET--1NIW_S86R_LKI_GCaMP6s_IRES-nls-mCherry-WPRE.500.168,500dot168
pGP-SIV-(SalI)-syn-6xHis-noRSET--1NIW_S86T_LKI_GCaMP6s_IRES-nls-mCherry-WPRE.500.169,500dot169
pGP-SIV-(SalI)-syn-6xHis-noRSET--1NIW_F14R_LKI_GCaMP6s_IRES-nls-mCherry-WPRE.500.17,500dot17
pGP-SIV-(SalI)-syn-6xHis-noRSET--1NIW_S86V_LKI_GCaMP6s_IRES-nls-mCherry-WPRE.500.170,500dot170
pGP-SIV-(SalI)-syn-6xHis-noRSET--1NIW_S86W_LKI_GCaMP6s_IRES-nls-mCherry-WPRE.500.171,500dot171
pGP-SIV-(SalI)-syn-6xHis-noRSET--1NIW_S86Y_LKI_GCaMP6s_IRES-nls-mCherry-WPRE.500.172,500dot172
pGP-SIV-(SalI)-syn-6xHis-noRSET--1NIW_Q88A_LKI_GCaMP6s_IRES-nls-mCherry-WPRE.500.173,500dot173
pGP-SIV-(SalI)-syn-6xHis-noRSET--1NIW_Q88C_LKI_GCaMP6s_IRES-nls-mCherry-WPRE.500.174,500dot174
pGP-SIV-(SalI)-syn-6xHis-noRSET--1NIW_Q88D_LKI_GCaMP6s_IRES-nls-mCherry-WPRE.500.175,500dot175
pGP-SIV-(SalI)-syn-6xHis-noRSET--1NIW_Q88E_LKI_GCaMP6s_IRES-nls-mCherry-WPRE.500.176,500dot176
pGP-SIV-(SalI)-syn-6xHis-noRSET--1NIW_Q88F_LKI_GCaMP6s_IRES-nls-mCherry-WPRE.500.177,500dot177
pGP-SIV-(SalI)-syn-6xHis-noRSET--1NIW_Q88G_LKI_GCaMP6s_IRES-nls-mCherry-WPRE.500.178,500dot178
pGP-SIV-(SalI)-syn-6xHis-noRSET--1NIW_Q88H_LKI_GCaMP6s_IRES-nls-mCherry-WPRE.500.179,500dot179
pGP-SIV-(SalI)-syn-6xHis-noRSET--1NIW_F14S_LKI_GCaMP6s_IRES-nls-mCherry-WPRE.500.18,500dot18
pGP-SIV-(SalI)-syn-6xHis-noRSET--1NIW_Q88I_LKI_GCaMP6s_IRES-nls-mCherry-WPRE.500.180,500dot180
pGP-SIV-(SalI)-syn-6xHis-noRSET--1NIW_Q88K_LKI_GCaMP6s_IRES-nls-mCherry-WPRE.500.181,500dot181
pGP-SIV-(SalI)-syn-6xHis-noRSET--1NIW_Q88L_LKI_GCaMP6s_IRES-nls-mCherry-WPRE.500.182,500dot182
pGP-SIV-(SalI)-syn-6xHis-noRSET--1NIW_Q88M_LKI_GCaMP6s_IRES-nls-mCherry-WPRE.500.183,500dot183
pGP-SIV-(SalI)-syn-6xHis-noRSET--1NIW_Q88N_LKI_GCaMP6s_IRES-nls-mCherry-WPRE.500.184,500dot184
pGP-SIV-(SalI)-syn-6xHis-noRSET--1NIW_Q88P_LKI_GCaMP6s_IRES-nls-mCherry-WPRE.500.185,500dot185
pGP-SIV-(SalI)-syn-6xHis-noRSET--1NIW_Q88R_LKI_GCaMP6s_IRES-nls-mCherry-WPRE.500.186,500dot186
pGP-SIV-(SalI)-syn-6xHis-noRSET--1NIW_Q88S_LKI_GCaMP6s_IRES-nls-mCherry-WPRE.500.187,500dot187
pGP-SIV-(SalI)-syn-6xHis-noRSET--1NIW_Q88T_LKI_GCaMP6s_IRES-nls-mCherry-WPRE.500.188,500dot188
pGP-SIV-(SalI)-syn-6xHis-noRSET--1NIW_Q88V_LKI_GCaMP6s_IRES-nls-mCherry-WPRE.500.189,500dot189
pGP-SIV-(SalI)-syn-6xHis-noRSET--1NIW_F14T_LKI_GCaMP6s_IRES-nls-mCherry-WPRE.500.19,500dot19
pGP-SIV-(SalI)-syn-6xHis-noRSET--1NIW_Q88W_LKI_GCaMP6s_IRES-nls-mCherry-WPRE.500.190,500dot190
pGP-SIV-(SalI)-syn-6xHis-noRSET--1NIW_Q88Y_LKI_GCaMP6s_IRES-nls-mCherry-WPRE.500.191,500dot191
pGP-SIV-(SalI)-syn-6xHis-noRSET--1NIW_K90A_LKI_GCaMP6s_IRES-nls-mCherry-WPRE.500.192,500dot192
pGP-SIV-(SalI)-syn-6xHis-noRSET--1NIW_K90C_LKI_GCaMP6s_IRES-nls-mCherry-WPRE.500.193,500dot193
pGP-SIV-(SalI)-syn-6xHis-noRSET--1NIW_K90D_LKI_GCaMP6s_IRES-nls-mCherry-WPRE.500.194,500dot194
pGP-SIV-(SalI)-syn-6xHis-noRSET--1NIW_K90E_LKI_GCaMP6s_IRES-nls-mCherry-WPRE.500.195,500dot195
pGP-SIV-(SalI)-syn-6xHis-noRSET--1NIW_K90F_LKI_GCaMP6s_IRES-nls-mCherry-WPRE.500.196,500dot196
pGP-SIV-(SalI)-syn-6xHis-noRSET--1NIW_K90G_LKI_GCaMP6s_IRES-nls-mCherry-WPRE.500.197,500dot197
pGP-SIV-(SalI)-syn-6xHis-noRSET--1NIW_K90H_LKI_GCaMP6s_IRES-nls-mCherry-WPRE.500.198,500dot198
pGP-SIV-(SalI)-syn-6xHis-noRSET--1NIW_K90I_LKI_GCaMP6s_IRES-nls-mCherry-WPRE.500.199,500dot199
pGP-SIV-(SalI)-syn-6xHis-noRSET--1NIW_N19W_LKI_GCaMP6s_IRES-nls-mCherry-WPRE.500.2,500dot2
pGP-SIV-(SalI)-syn-6xHis-noRSET--1NIW_F14V_LKI_GCaMP6s_IRES-nls-mCherry-WPRE.500.20,500dot20
pGP-SIV-(SalI)-syn-6xHis-noRSET--1NIW_K90L_LKI_GCaMP6s_IRES-nls-mCherry-WPRE.500.200,500dot200
pGP-SIV-(SalI)-syn-6xHis-noRSET--1NIW_K90M_LKI_GCaMP6s_IRES-nls-mCherry-WPRE.500.201,500dot201
pGP-SIV-(SalI)-syn-6xHis-noRSET--1NIW_K90N_LKI_GCaMP6s_IRES-nls-mCherry-WPRE.500.202,500dot202
pGP-SIV-(SalI)-syn-6xHis-noRSET--1NIW_K90P_LKI_GCaMP6s_IRES-nls-mCherry-WPRE.500.203,500dot203
pGP-SIV-(SalI)-syn-6xHis-noRSET--1NIW_K90Q_LKI_GCaMP6s_IRES-nls-mCherry-WPRE.500.204,500dot204
pGP-SIV-(SalI)-syn-6xHis-noRSET--1NIW_K90R_LKI_GCaMP6s_IRES-nls-mCherry-WPRE.500.205,500dot205
pGP-SIV-(SalI)-syn-6xHis-noRSET--1NIW_K90S_LKI_GCaMP6s_IRES-nls-mCherry-WPRE.500.206,500dot206
pGP-SIV-(SalI)-syn-6xHis-noRSET--1NIW_K90T_LKI_GCaMP6s_IRES-nls-mCherry-WPRE.500.207,500dot207
pGP-SIV-(SalI)-syn-6xHis-noRSET--1NIW_K90V_LKI_GCaMP6s_IRES-nls-mCherry-WPRE.500.208,500dot208
pGP-SIV-(SalI)-syn-6xHis-noRSET--1NIW_K90W_LKI_GCaMP6s_IRES-nls-mCherry-WPRE.500.209,500dot209
pGP-SIV-(SalI)-syn-6xHis-noRSET--1NIW_F14W_LKI_GCaMP6s_IRES-nls-mCherry-WPRE.500.21,500dot21
pGP-SIV-(SalI)-syn-6xHis-noRSET--1NIW_K90Y_LKI_GCaMP6s_IRES-nls-mCherry-WPRE.500.210,500dot210
pGP-SIV-(SalI)-syn-6xHis-noRSET--1NIW_D276A_LKI_GCaMP6s_IRES-nls-mCherry-WPRE.500.211,500dot211
pGP-SIV-(SalI)-syn-6xHis-noRSET--1NIW_D276C_LKI_GCaMP6s_IRES-nls-mCherry-WPRE.500.212,500dot212
pGP-SIV-(SalI)-syn-6xHis-noRSET--1NIW_D276E_LKI_GCaMP6s_IRES-nls-mCherry-WPRE.500.213,500dot213
pGP-SIV-(SalI)-syn-6xHis-noRSET--1NIW_D276F_LKI_GCaMP6s_IRES-nls-mCherry-WPRE.500.214,500dot214
pGP-SIV-(SalI)-syn-6xHis-noRSET--1NIW_D276G_LKI_GCaMP6s_IRES-nls-mCherry-WPRE.500.215,500dot215
pGP-SIV-(SalI)-syn-6xHis-noRSET--1NIW_D276K_LKI_GCaMP6s_IRES-nls-mCherry-WPRE.500.216,500dot216
pGP-SIV-(SalI)-syn-6xHis-noRSET--1NIW_D276I_LKI_GCaMP6s_IRES-nls-mCherry-WPRE.500.217,500dot217
pGP-SIV-(SalI)-syn-6xHis-noRSET--1NIW_D276H_LKI_GCaMP6s_IRES-nls-mCherry-WPRE.500.218,500dot218
pGP-SIV-(SalI)-syn-6xHis-noRSET--1NIW_D276L_LKI_GCaMP6s_IRES-nls-mCherry-WPRE.500.219,500dot219
pGP-SIV-(SalI)-syn-6xHis-noRSET--1NIW_F14Y_LKI_GCaMP6s_IRES-nls-mCherry-WPRE.500.22,500dot22
pGP-SIV-(SalI)-syn-6xHis-noRSET--1NIW_D276M_LKI_GCaMP6s_IRES-nls-mCherry-WPRE.500.220,500dot220
pGP-SIV-(SalI)-syn-6xHis-noRSET--1NIW_D276N_LKI_GCaMP6s_IRES-nls-mCherry-WPRE.500.221,500dot221
pGP-SIV-(SalI)-syn-6xHis-noRSET--1NIW_D276P_LKI_GCaMP6s_IRES-nls-mCherry-WPRE.500.222,500dot222
pGP-SIV-(SalI)-syn-6xHis-noRSET--1NIW_D276Q_LKI_GCaMP6s_IRES-nls-mCherry-WPRE.500.223,500dot223
pGP-SIV-(SalI)-syn-6xHis-noRSET--1NIW_D276R_LKI_GCaMP6s_IRES-nls-mCherry-WPRE.500.224,500dot224
pGP-SIV-(SalI)-syn-6xHis-noRSET--1NIW_D276S_LKI_GCaMP6s_IRES-nls-mCherry-WPRE.500.225,500dot225
pGP-SIV-(SalI)-syn-6xHis-noRSET--1NIW_D276T_LKI_GCaMP6s_IRES-nls-mCherry-WPRE.500.226,500dot226
pGP-SIV-(SalI)-syn-6xHis-noRSET--1NIW_D276V_LKI_GCaMP6s_IRES-nls-mCherry-WPRE.500.227,500dot227
pGP-SIV-(SalI)-syn-6xHis-noRSET--1NIW_D276W_LKI_GCaMP6s_IRES-nls-mCherry-WPRE.500.228,500dot228
pGP-SIV-(SalI)-syn-6xHis-noRSET--1NIW_D276Y_LKI_GCaMP6s_IRES-nls-mCherry-WPRE.500.229,500dot229
pGP-SIV-(SalI)-syn-6xHis-noRSET--1NIW_V17A_LKI_GCaMP6s_IRES-nls-mCherry-WPRE.500.23,500dot23
pGP-SIV-(SalI)-syn-6xHis-noRSET--1NIW_K349A_LKI_GCaMP6s_IRES-nls-mCherry-WPRE.500.230,500dot230
pGP-SIV-(SalI)-syn-6xHis-noRSET--1NIW_K349C_LKI_GCaMP6s_IRES-nls-mCherry-WPRE.500.231,500dot231
pGP-SIV-(SalI)-syn-6xHis-noRSET--1NIW_K349D_LKI_GCaMP6s_IRES-nls-mCherry-WPRE.500.232,500dot232
pGP-SIV-(SalI)-syn-6xHis-noRSET--1NIW_K349E_LKI_GCaMP6s_IRES-nls-mCherry-WPRE.500.233,500dot233
pGP-SIV-(SalI)-syn-6xHis-noRSET--1NIW_K349F_LKI_GCaMP6s_IRES-nls-mCherry-WPRE.500.234,500dot234
pGP-SIV-(SalI)-syn-6xHis-noRSET--1NIW_K349G_LKI_GCaMP6s_IRES-nls-mCherry-WPRE.500.235,500dot235
pGP-SIV-(SalI)-syn-6xHis-noRSET--1NIW_K349H_LKI_GCaMP6s_IRES-nls-mCherry-WPRE.500.236,500dot236
pGP-SIV-(SalI)-syn-6xHis-noRSET--1NIW_K349I_LKI_GCaMP6s_IRES-nls-mCherry-WPRE.500.237,500dot237
pGP-SIV-(SalI)-syn-6xHis-noRSET--1NIW_K349L_LKI_GCaMP6s_IRES-nls-mCherry-WPRE.500.238,500dot238
pGP-SIV-(SalI)-syn-6xHis-noRSET--1NIW_K349M_LKI_GCaMP6s_IRES-nls-mCherry-WPRE.500.239,500dot239
pGP-SIV-(SalI)-syn-6xHis-noRSET--1NIW_V17C_LKI_GCaMP6s_IRES-nls-mCherry-WPRE.500.24,500dot24
pGP-SIV-(SalI)-syn-6xHis-noRSET--1NIW_K349N_LKI_GCaMP6s_IRES-nls-mCherry-WPRE.500.240,500dot240
pGP-SIV-(SalI)-syn-6xHis-noRSET--1NIW_K349P_LKI_GCaMP6s_IRES-nls-mCherry-WPRE.500.241,500dot241
pGP-SIV-(SalI)-syn-6xHis-noRSET--1NIW_K349Q_LKI_GCaMP6s_IRES-nls-mCherry-WPRE.500.242,500dot242
pGP-SIV-(SalI)-syn-6xHis-noRSET--1NIW_K349R_LKI_GCaMP6s_IRES-nls-mCherry-WPRE.500.243,500dot243
pGP-SIV-(SalI)-syn-6xHis-noRSET--1NIW_K349S_LKI_GCaMP6s_IRES-nls-mCherry-WPRE.500.244,500dot244
pGP-SIV-(SalI)-syn-6xHis-noRSET--1NIW_K349T_LKI_GCaMP6s_IRES-nls-mCherry-WPRE.500.245,500dot245
pGP-SIV-(SalI)-syn-6xHis-noRSET--1NIW_K349V_LKI_GCaMP6s_IRES-nls-mCherry-WPRE.500.246,500dot246
pGP-SIV-(SalI)-syn-6xHis-noRSET--1NIW_K349W_LKI_GCaMP6s_IRES-nls-mCherry-WPRE.500.247,500dot247
pGP-SIV-(SalI)-syn-6xHis-noRSET--1NIW_K349Y_LKI_GCaMP6s_IRES-nls-mCherry-WPRE.500.248,500dot248
pGP-SIV-(SalI)-syn-6xHis-noRSET--1NIW_M350A_LKI_GCaMP6s_IRES-nls-mCherry-WPRE.500.249,500dot249
pGP-SIV-(SalI)-syn-6xHis-noRSET--1NIW_V17D_LKI_GCaMP6s_IRES-nls-mCherry-WPRE.500.25,500dot25
pGP-SIV-(SalI)-syn-6xHis-noRSET--1NIW_M350C_LKI_GCaMP6s_IRES-nls-mCherry-WPRE.500.250,500dot250
pGP-SIV-(SalI)-syn-6xHis-noRSET--1NIW_M350D_LKI_GCaMP6s_IRES-nls-mCherry-WPRE.500.251,500dot251
pGP-SIV-(SalI)-syn-6xHis-noRSET--1NIW_M350E_LKI_GCaMP6s_IRES-nls-mCherry-WPRE.500.252,500dot252
pGP-SIV-(SalI)-syn-6xHis-noRSET--1NIW_M350F_LKI_GCaMP6s_IRES-nls-mCherry-WPRE.500.253,500dot253
pGP-SIV-(SalI)-syn-6xHis-noRSET--1NIW_M350G_LKI_GCaMP6s_IRES-nls-mCherry-WPRE.500.254,500dot254
pGP-SIV-(SalI)-syn-6xHis-noRSET--1NIW_M350H_LKI_GCaMP6s_IRES-nls-mCherry-WPRE.500.255,500dot255
pGP-SIV-(SalI)-syn-6xHis-noRSET--1NIW_M350I_LKI_GCaMP6s_IRES-nls-mCherry-WPRE.500.256,500dot256
pGP-SIV-(SalI)-syn-6xHis-noRSET--1NIW_M350K_LKI_GCaMP6s_IRES-nls-mCherry-WPRE.500.257,500dot257
pGP-SIV-(SalI)-syn-6xHis-noRSET--1NIW_M350L_LKI_GCaMP6s_IRES-nls-mCherry-WPRE.500.258,500dot258
pGP-SIV-(SalI)-syn-6xHis-noRSET--1NIW_M350N_LKI_GCaMP6s_IRES-nls-mCherry-WPRE.500.259,500dot259
pGP-SIV-(SalI)-syn-6xHis-noRSET--1NIW_V17E_LKI_GCaMP6s_IRES-nls-mCherry-WPRE.500.26,500dot26
pGP-SIV-(SalI)-syn-6xHis-noRSET--1NIW_M350P_LKI_GCaMP6s_IRES-nls-mCherry-WPRE.500.260,500dot260
pGP-SIV-(SalI)-syn-6xHis-noRSET--1NIW_M350Q_LKI_GCaMP6s_IRES-nls-mCherry-WPRE.500.261,500dot261
pGP-SIV-(SalI)-syn-6xHis-noRSET--1NIW_M350R_LKI_GCaMP6s_IRES-nls-mCherry-WPRE.500.262,500dot262
pGP-SIV-(SalI)-syn-6xHis-noRSET--1NIW_M350S_LKI_GCaMP6s_IRES-nls-mCherry-WPRE.500.263,500dot263
pGP-SIV-(SalI)-syn-6xHis-noRSET--1NIW_M350T_LKI_GCaMP6s_IRES-nls-mCherry-WPRE.500.264,500dot264
pGP-SIV-(SalI)-syn-6xHis-noRSET--1NIW_M350V_LKI_GCaMP6s_IRES-nls-mCherry-WPRE.500.265,500dot265
pGP-SIV-(SalI)-syn-6xHis-noRSET--1NIW_M350W_LKI_GCaMP6s_IRES-nls-mCherry-WPRE.500.266,500dot266
pGP-SIV-(SalI)-syn-6xHis-noRSET--1NIW_M350Y_LKI_GCaMP6s_IRES-nls-mCherry-WPRE.500.267,500dot267
pGP-SIV-(SalI)-syn-6xHis-noRSET--1NIW_K351A_LKI_GCaMP6s_IRES-nls-mCherry-WPRE.500.268,500dot268
pGP-SIV-(SalI)-syn-6xHis-noRSET--1NIW_K351C_LKI_GCaMP6s_IRES-nls-mCherry-WPRE.500.269,500dot269
pGP-SIV-(SalI)-syn-6xHis-noRSET--1NIW_V17F_LKI_GCaMP6s_IRES-nls-mCherry-WPRE.500.27,500dot27
pGP-SIV-(SalI)-syn-6xHis-noRSET--1NIW_K351D_LKI_GCaMP6s_IRES-nls-mCherry-WPRE.500.270,500dot270
pGP-SIV-(SalI)-syn-6xHis-noRSET--1NIW_K351E_LKI_GCaMP6s_IRES-nls-mCherry-WPRE.500.271,500dot271
pGP-SIV-(SalI)-syn-6xHis-noRSET--1NIW_K351F_LKI_GCaMP6s_IRES-nls-mCherry-WPRE.500.272,500dot272
pGP-SIV-(SalI)-syn-6xHis-noRSET--1NIW_K351G_LKI_GCaMP6s_IRES-nls-mCherry-WPRE.500.273,500dot273
pGP-SIV-(SalI)-syn-6xHis-noRSET--1NIW_K351H_LKI_GCaMP6s_IRES-nls-mCherry-WPRE.500.274,500dot274
pGP-SIV-(SalI)-syn-6xHis-noRSET--1NIW_K351I_LKI_GCaMP6s_IRES-nls-mCherry-WPRE.500.275,500dot275
pGP-SIV-(SalI)-syn-6xHis-noRSET--1NIW_K351L_LKI_GCaMP6s_IRES-nls-mCherry-WPRE.500.276,500dot276
pGP-SIV-(SalI)-syn-6xHis-noRSET--1NIW_K351M_LKI_GCaMP6s_IRES-nls-mCherry-WPRE.500.277,500dot277
pGP-SIV-(SalI)-syn-6xHis-noRSET--1NIW_K351N_LKI_GCaMP6s_IRES-nls-mCherry-WPRE.500.278,500dot278
pGP-SIV-(SalI)-syn-6xHis-noRSET--1NIW_K351P_LKI_GCaMP6s_IRES-nls-mCherry-WPRE.500.279,500dot279
pGP-SIV-(SalI)-syn-6xHis-noRSET--1NIW_V17G_LKI_GCaMP6s_IRES-nls-mCherry-WPRE.500.28,500dot28
pGP-SIV-(SalI)-syn-6xHis-noRSET--1NIW_K351Q_LKI_GCaMP6s_IRES-nls-mCherry-WPRE.500.280,500dot280
pGP-SIV-(SalI)-syn-6xHis-noRSET--1NIW_K351R_LKI_GCaMP6s_IRES-nls-mCherry-WPRE.500.281,500dot281
pGP-SIV-(SalI)-syn-6xHis-noRSET--1NIW_K351S_LKI_GCaMP6s_IRES-nls-mCherry-WPRE.500.282,500dot282
pGP-SIV-(SalI)-syn-6xHis-noRSET--1NIW_K351T_LKI_GCaMP6s_IRES-nls-mCherry-WPRE.500.283,500dot283
pGP-SIV-(SalI)-syn-6xHis-noRSET--1NIW_K351V_LKI_GCaMP6s_IRES-nls-mCherry-WPRE.500.284,500dot284
pGP-SIV-(SalI)-syn-6xHis-noRSET--1NIW_K351W_LKI_GCaMP6s_IRES-nls-mCherry-WPRE.500.285,500dot285
pGP-SIV-(SalI)-syn-6xHis-noRSET--1NIW_K351Y_LKI_GCaMP6s_IRES-nls-mCherry-WPRE.500.286,500dot286
pGP-SIV-(SalI)-syn-6xHis-noRSET--1NIW_Y352A_LKI_GCaMP6s_IRES-nls-mCherry-WPRE.500.287,500dot287
pGP-SIV-(SalI)-syn-6xHis-noRSET--1NIW_Y352C_LKI_GCaMP6s_IRES-nls-mCherry-WPRE.500.288,500dot288
pGP-SIV-(SalI)-syn-6xHis-noRSET--1NIW_Y352D_LKI_GCaMP6s_IRES-nls-mCherry-WPRE.500.289,500dot289
pGP-SIV-(SalI)-syn-6xHis-noRSET--1NIW_V17H_LKI_GCaMP6s_IRES-nls-mCherry-WPRE.500.29,500dot29
pGP-SIV-(SalI)-syn-6xHis-noRSET--1NIW_Y352E_LKI_GCaMP6s_IRES-nls-mCherry-WPRE.500.290,500dot290
pGP-SIV-(SalI)-syn-6xHis-noRSET--1NIW_Y352F_LKI_GCaMP6s_IRES-nls-mCherry-WPRE.500.291,500dot291
pGP-SIV-(SalI)-syn-6xHis-noRSET--1NIW_Y352G_LKI_GCaMP6s_IRES-nls-mCherry-WPRE.500.292,500dot292
pGP-SIV-(SalI)-syn-6xHis-noRSET--1NIW_Y352H_LKI_GCaMP6s_IRES-nls-mCherry-WPRE.500.293,500dot293
pGP-SIV-(SalI)-syn-6xHis-noRSET--1NIW_Y352I_LKI_GCaMP6s_IRES-nls-mCherry-WPRE.500.294,500dot294
pGP-SIV-(SalI)-syn-6xHis-noRSET--1NIW_Y352K_LKI_GCaMP6s_IRES-nls-mCherry-WPRE.500.295,500dot295
pGP-SIV-(SalI)-syn-6xHis-noRSET--1NIW_Y352L_LKI_GCaMP6s_IRES-nls-mCherry-WPRE.500.296,500dot296
pGP-SIV-(SalI)-syn-6xHis-noRSET--1NIW_Y352M_LKI_GCaMP6s_IRES-nls-mCherry-WPRE.500.297,500dot297
pGP-SIV-(SalI)-syn-6xHis-noRSET--1NIW_Y352N_LKI_GCaMP6s_IRES-nls-mCherry-WPRE.500.298,500dot298
pGP-SIV-(SalI)-syn-6xHis-noRSET--1NIW_Y352P_LKI_GCaMP6s_IRES-nls-mCherry-WPRE.500.299,500dot299
pGP-SIV-(SalI)-syn-6xHis-noRSET--1NIW_S24W_LKI_GCaMP6s_IRES-nls-mCherry-WPRE.500.3,500dot3
pGP-SIV-(SalI)-syn-6xHis-noRSET--1NIW_V17I_LKI_GCaMP6s_IRES-nls-mCherry-WPRE.500.30,500dot30
pGP-SIV-(SalI)-syn-6xHis-noRSET--1NIW_Y352Q_LKI_GCaMP6s_IRES-nls-mCherry-WPRE.500.300,500dot300
pGP-SIV-(SalI)-syn-6xHis-noRSET--1NIW_Y352R_LKI_GCaMP6s_IRES-nls-mCherry-WPRE.500.301,500dot301
pGP-SIV-(SalI)-syn-6xHis-noRSET--1NIW_Y352S_LKI_GCaMP6s_IRES-nls-mCherry-WPRE.500.302,500dot302
pGP-SIV-(SalI)-syn-6xHis-noRSET--1NIW_Y352T_LKI_GCaMP6s_IRES-nls-mCherry-WPRE.500.303,500dot303
pGP-SIV-(SalI)-syn-6xHis-noRSET--1NIW_Y352V_LKI_GCaMP6s_IRES-nls-mCherry-WPRE.500.304,500dot304
pGP-SIV-(SalI)-syn-6xHis-noRSET--1NIW_Y352W_LKI_GCaMP6s_IRES-nls-mCherry-WPRE.500.305,500dot305
pGP-SIV-(SalI)-syn-6xHis-noRSET-1NIW_S24I_A25V_LKI_GCaMP6s_IRES-nls-mCherry-WPRE.500.306,500dot306
pGP-SIV-(SalI)-syn-6xHis-noRSET-1NIW_S24I_S26R_LKI_GCaMP6s_IRES-nls-mCherry-WPRE.500.307,500dot307
pGP-SIV-(SalI)-syn-6xHis-noRSET-1NIW_S24I_Q88E_LKI_GCaMP6s_IRES-nls-mCherry-WPRE.500.308,500dot308
pGP-SIV-(SalI)-syn-6xHis-noRSET-1NIW_A25V_S26R_LKI_GCaMP6s_IRES-nls-mCherry-WPRE.500.309,500dot309
pGP-SIV-(SalI)-syn-6xHis-noRSET--1NIW_V17K_LKI_GCaMP6s_IRES-nls-mCherry-WPRE.500.31,500dot31
pGP-SIV-(SalI)-syn-6xHis-noRSET-1NIW_A25V_Q88E_LKI_GCaMP6s_IRES-nls-mCherry-WPRE.500.310,500dot310
pGP-SIV-(SalI)-syn-6xHis-noRSET-1NIW_S26R_Q88E_LKI_GCaMP6s_IRES-nls-mCherry-WPRE.500.311,500dot311
pGP-SIV-(SalI)-syn-6xHis-noRSET-1NIW_S24I_A25V_S26R_LKI_GCaMP6s_IRES-nls-mCherry-WPRE.500.312,500dot312
pGP-SIV-(SalI)-syn-6xHis-noRSET-1NIW_A25V_S26R_Q88E_LKI_GCaMP6s_IRES-nls-mCherry-WPRE.500.313,500dot313
pGP-SIV-(SalI)-syn-6xHis-noRSET-1NIW_S24I_S26R_Q88E_LKI_GCaMP6s_IRES-nls-mCherry-WPRE.500.314,500dot314
pGP-SIV-(SalI)-syn-6xHis-noRSET-1NIW_S24I_A25V_Q88E_LKI_GCaMP6s_IRES-nls-mCherry-WPRE.500.315,500dot315
pGP-SIV-(SalI)-syn-6xHis-noRSET-1NIW_S24I_A25V_S26R_Q88E_LKI_GCaMP6s_IRES-nls-mCherry-WPRE.500.316,500dot316
pGP-SIV-(SalI)-syn-6xHis-noRSET-1NIW_S24I_A25G_S26R_LKI_GCaMP6s_IRES-nls-mCherry-WPRE.500.317,500dot317
pGP-SIV-(SalI)-syn-6xHis-noRSET-1NIW_S24T_Q88E_LKI_GCaMP6s_IRES-nls-mCherry-WPRE.500.318,500dot318
pGP-SIV-(SalI)-syn-6xHis-noRSET-1NIW_S24T_Q88S_LKI_GCaMP6s_IRES-nls-mCherry-WPRE.500.319,500dot319
pGP-SIV-(SalI)-syn-6xHis-noRSET--1NIW_V17L_LKI_GCaMP6s_IRES-nls-mCherry-WPRE.500.32,500dot32
pGP-SIV-(SalI)-syn-6xHis-noRSET-1NIW_S24I_Q88S_LKI_GCaMP6s_IRES-nls-mCherry-WPRE.500.320,500dot320
pGP-SIV-(SalI)-syn-6xHis-noRSET-1NIW_N19T_S24I_LKI_GCaMP6s_IRES-nls-mCherry-WPRE.500.321,500dot321
pGP-SIV-(SalI)-syn-6xHis-noRSET-1NIW_N19T_A25V_LKI_GCaMP6s_IRES-nls-mCherry-WPRE.500.322,500dot322
pGP-SIV-(SalI)-syn-6xHis-noRSET-1NIW_N19T_S26R_LKI_GCaMP6s_IRES-nls-mCherry-WPRE.500.323,500dot323
pGP-SIV-(SalI)-syn-6xHis-noRSET-1NIW_N19T_Q88E_LKI_GCaMP6s_IRES-nls-mCherry-WPRE.500.324,500dot324
pGP-SIV-(SalI)-syn-6xHis-noRSET-1NIW_N19T_S24I_A25V_LKI_GCaMP6s_IRES-nls-mCherry-WPRE.500.325,500dot325
pGP-SIV-(SalI)-syn-6xHis-noRSET-1NIW_N19T_S24I_S26R_LKI_GCaMP6s_IRES-nls-mCherry-WPRE.500.326,500dot326
pGP-SIV-(SalI)-syn-6xHis-noRSET-1NIW_N19T_S24I_Q88E_LKI_GCaMP6s_IRES-nls-mCherry-WPRE.500.327,500dot327
pGP-SIV-(SalI)-syn-6xHis-noRSET-1NIW_N19T_A25V_S26R_LKI_GCaMP6s_IRES-nls-mCherry-WPRE.500.328,500dot328
pGP-SIV-(SalI)-syn-6xHis-noRSET-1NIW_N19T_A25V_Q88E_LKI_GCaMP6s_IRES-nls-mCherry-WPRE.500.329,500dot329
pGP-SIV-(SalI)-syn-6xHis-noRSET--1NIW_V17M_LKI_GCaMP6s_IRES-nls-mCherry-WPRE.500.33,500dot33
pGP-SIV-(SalI)-syn-6xHis-noRSET-1NIW_N19T_S26R_Q88E_LKI_GCaMP6s_IRES-nls-mCherry-WPRE.500.330,500dot330
pGP-SIV-(SalI)-syn-6xHis-noRSET-1NIW_N19T_S24I_A25V_S26R_LKI_GCaMP6s_IRES-nls-mCherry-WPRE.500.331,500dot331
pGP-SIV-(SalI)-syn-6xHis-noRSET-1NIW_N19T_A25V_S26R_Q88E_LKI_GCaMP6s_IRES-nls-mCherry-WPRE.500.332,500dot332
pGP-SIV-(SalI)-syn-6xHis-noRSET-1NIW_N19T_S24I_A25V_Q88E_LKI_GCaMP6s_IRES-nls-mCherry-WPRE.500.334,500dot334
pGP-SIV-(SalI)-syn-6xHis-noRSET-1NIW_N19T_S24I_A25V_S26R_Q88E_LKI_GCaMP6s_IRES-nls-mCherry-WPRE.500.335,500dot335
pGP-SIV-(SalI)-syn-6xHis-noRSET-1NIW_N19T_S24I_A25G_S26R_Q88E_LKI_GCaMP6s_IRES-nls-mCherry-WPRE.500.336,500dot336
pGP-SIV-(SalI)-syn-6xHis-noRSET-1NIW_S24I_S86C_LKI_GCaMP6s_IRES-nls-mCherry-WPRE.500.337,500dot337
pGP-SIV-(SalI)-syn-6xHis-noRSET-1NIW_A25V_S86C_LKI_GCaMP6s_IRES-nls-mCherry-WPRE.500.338,500dot338
pGP-SIV-(SalI)-syn-6xHis-noRSET-1NIW_S26R_S86C_LKI_GCaMP6s_IRES-nls-mCherry-WPRE.500.339,500dot339
pGP-SIV-(SalI)-syn-6xHis-noRSET--1NIW_V17N_LKI_GCaMP6s_IRES-nls-mCherry-WPRE.500.34,500dot34
pGP-SIV-(SalI)-syn-6xHis-noRSET-1NIW_S86C_Q88E_LKI_GCaMP6s_IRES-nls-mCherry-WPRE.500.340,500dot340
pGP-SIV-(SalI)-syn-6xHis-noRSET-1NIW_R10S_LKI_GCaMP6s_IRES-nls-mCherry-WPRE.500.341,500dot341
pGP-SIV-(SalI)-syn-6xHis-noRSET-1NIW_K11R_LKI_GCaMP6s_IRES-nls-mCherry-WPRE.500.342,500dot342
pGP-SIV-(SalI)-syn-6xHis-noRSET-1NIW_K12R_LKI_GCaMP6s_IRES-nls-mCherry-WPRE.500.343,500dot343
pGP-SIV-(SalI)-syn-6xHis-noRSET-1NIW_T13K_LKI_GCaMP6s_IRES-nls-mCherry-WPRE.500.344,500dot344
pGP-SIV-(SalI)-syn-6xHis-noRSET-1NIW_K15N_LKI_GCaMP6s_IRES-nls-mCherry-WPRE.500.345,500dot345
pGP-SIV-(SalI)-syn-6xHis-noRSET-1NIW_E16K_LKI_GCaMP6s_IRES-nls-mCherry-WPRE.500.346,500dot346
pGP-SIV-(SalI)-syn-6xHis-noRSET-1NIW_A18G_LKI_GCaMP6s_IRES-nls-mCherry-WPRE.500.347,500dot347
pGP-SIV-(SalI)-syn-6xHis-noRSET-1NIW_K22R_LKI_GCaMP6s_IRES-nls-mCherry-WPRE.500.348,500dot348
pGP-SIV-(SalI)-syn-6xHis-noRSET-1NIW_I23A_LKI_GCaMP6s_IRES-nls-mCherry-WPRE.500.349,500dot349
pGP-SIV-(SalI)-syn-6xHis-noRSET--1NIW_V17P_LKI_GCaMP6s_IRES-nls-mCherry-WPRE.500.35,500dot35
pGP-SIV-(SalI)-syn-6xHis-noRSET-1NIW_M28S_LKI_GCaMP6s_IRES-nls-mCherry-WPRE.500.350,500dot350
pGP-SIV-(SalI)-syn-6xHis-noRSET-1NIW_G29S_LKI_GCaMP6s_IRES-nls-mCherry-WPRE.500.351,500dot351
pGP-SIV-(SalI)-syn-6xHis-noRSET-1NIW_R348A_LKI_GCaMP6s_IRES-nls-mCherry-WPRE.500.352,500dot352
pGP-SIV-(SalI)-syn-6xHis-noRSET-1NIW_R348C_LKI_GCaMP6s_IRES-nls-mCherry-WPRE.500.353,500dot353
pGP-SIV-(SalI)-syn-6xHis-noRSET-1NIW_R348D_LKI_GCaMP6s_IRES-nls-mCherry-WPRE.500.354,500dot354
pGP-SIV-(SalI)-syn-6xHis-noRSET-1NIW_R348E_LKI_GCaMP6s_IRES-nls-mCherry-WPRE.500.355,500dot355
pGP-SIV-(SalI)-syn-6xHis-noRSET-1NIW_R348F_LKI_GCaMP6s_IRES-nls-mCherry-WPRE.500.356,500dot356
pGP-SIV-(SalI)-syn-6xHis-noRSET-1NIW_R348G_LKI_GCaMP6s_IRES-nls-mCherry-WPRE.500.357,500dot357
pGP-SIV-(SalI)-syn-6xHis-noRSET-1NIW_R348H_LKI_GCaMP6s_IRES-nls-mCherry-WPRE.500.358,500dot358
pGP-SIV-(SalI)-syn-6xHis-noRSET-1NIW_R348I_LKI_GCaMP6s_IRES-nls-mCherry-WPRE.500.359,500dot359
pGP-SIV-(SalI)-syn-6xHis-noRSET--1NIW_V17Q_LKI_GCaMP6s_IRES-nls-mCherry-WPRE.500.36,500dot36
pGP-SIV-(SalI)-syn-6xHis-noRSET-1NIW_R348K_LKI_GCaMP6s_IRES-nls-mCherry-WPRE.500.360,500dot360
pGP-SIV-(SalI)-syn-6xHis-noRSET-1NIW_R348L_LKI_GCaMP6s_IRES-nls-mCherry-WPRE.500.361,500dot361
pGP-SIV-(SalI)-syn-6xHis-noRSET-1NIW_R348M_LKI_GCaMP6s_IRES-nls-mCherry-WPRE.500.362,500dot362
pGP-SIV-(SalI)-syn-6xHis-noRSET-1NIW_R348N_LKI_GCaMP6s_IRES-nls-mCherry-WPRE.500.363,500dot363
pGP-SIV-(SalI)-syn-6xHis-noRSET-1NIW_R348P_LKI_GCaMP6s_IRES-nls-mCherry-WPRE.500.364,500dot364
pGP-SIV-(SalI)-syn-6xHis-noRSET-1NIW_R348Q_LKI_GCaMP6s_IRES-nls-mCherry-WPRE.500.365,500dot365
pGP-SIV-(SalI)-syn-6xHis-noRSET-1NIW_R348S_LKI_GCaMP6s_IRES-nls-mCherry-WPRE.500.366,500dot366
pGP-SIV-(SalI)-syn-6xHis-noRSET-1NIW_R348T_LKI_GCaMP6s_IRES-nls-mCherry-WPRE.500.367,500dot367
pGP-SIV-(SalI)-syn-6xHis-noRSET-1NIW_R348V_LKI_GCaMP6s_IRES-nls-mCherry-WPRE.500.368,500dot368
pGP-SIV-(SalI)-syn-6xHis-noRSET-1NIW_R348W_LKI_GCaMP6s_IRES-nls-mCherry-WPRE.500.369,500dot369
pGP-SIV-(SalI)-syn-6xHis-noRSET--1NIW_V17R_LKI_GCaMP6s_IRES-nls-mCherry-WPRE.500.37,500dot37
pGP-SIV-(SalI)-syn-6xHis-noRSET-1NIW_R348Y_LKI_GCaMP6s_IRES-nls-mCherry-WPRE.500.370,500dot370
pGP-SIV-(SalI)-syn-6xHis-noRSET--1NIW_S24I_R353T_T355S_G364R_LKI_GCaMP6s_IRES-nls-mCherry-WPRE.500.371,500dot371
pGP-SIV-(SalI)-syn-6xHis-noRSET--1NIW_A25V_R353T_T355S_G364R_LKI_GCaMP6s_IRES-nls-mCherry-WPRE.500.372,500dot372
pGP-SIV-(SalI)-syn-6xHis-noRSET--1NIW_S26R_R353T_T355S_G364R_LKI_GCaMP6s_IRES-nls-mCherry-WPRE.500.373,500dot373
pGP-SIV-(SalI)-syn-6xHis-noRSET--1NIW_Q88E_R353T_T355S_G364R_LKI_GCaMP6s_IRES-nls-mCherry-WPRE.500.374,500dot374
pGP-SIV-(SalI)-syn-6xHis-noRSET--1NIW_V17S_LKI_GCaMP6s_IRES-nls-mCherry-WPRE.500.38,500dot38
pGP-SIV-(SalI)-syn-6xHis-noRSET--1NIW_V17T_LKI_GCaMP6s_IRES-nls-mCherry-WPRE.500.39,500dot39
pGP-SIV-(SalI)-syn-6xHis-noRSET--1NIW_F14A_LKI_GCaMP6s_IRES-nls-mCherry-WPRE.500.4,500dot4
pGP-SIV-(SalI)-syn-6xHis-noRSET--1NIW_V17W_LKI_GCaMP6s_IRES-nls-mCherry-WPRE.500.40,500dot40
pGP-SIV-(SalI)-syn-6xHis-noRSET--1NIW_V17Y_LKI_GCaMP6s_IRES-nls-mCherry-WPRE.500.41,500dot41
pGP-SIV-(SalI)-syn-6xHis-noRSET--1NIW_N19A_LKI_GCaMP6s_IRES-nls-mCherry-WPRE.500.42,500dot42
pGP-SIV-(SalI)-syn-6xHis-noRSET--1NIW_N19C_LKI_GCaMP6s_IRES-nls-mCherry-WPRE.500.43,500dot43
pGP-SIV-(SalI)-syn-6xHis-noRSET--1NIW_N19D_LKI_GCaMP6s_IRES-nls-mCherry-WPRE.500.44,500dot44
pGP-SIV-(SalI)-syn-6xHis-noRSET--1NIW_N19E_LKI_GCaMP6s_IRES-nls-mCherry-WPRE.500.45,500dot45
pGP-SIV-(SalI)-syn-6xHis-noRSET--1NIW_N19F_LKI_GCaMP6s_IRES-nls-mCherry-WPRE.500.46,500dot46
pGP-SIV-(SalI)-syn-6xHis-noRSET--1NIW_N19G_LKI_GCaMP6s_IRES-nls-mCherry-WPRE.500.47,500dot47
pGP-SIV-(SalI)-syn-6xHis-noRSET--1NIW_N19H_LKI_GCaMP6s_IRES-nls-mCherry-WPRE.500.48,500dot48
pGP-SIV-(SalI)-syn-6xHis-noRSET--1NIW_N19I_LKI_GCaMP6s_IRES-nls-mCherry-WPRE.500.49,500dot49
pGP-SIV-(SalI)-syn-6xHis-noRSET--1NIW_F14C_LKI_GCaMP6s_IRES-nls-mCherry-WPRE.500.5,500dot5
pGP-SIV-(SalI)-syn-6xHis-noRSET--1NIW_N19K_LKI_GCaMP6s_IRES-nls-mCherry-WPRE.500.50,500dot50
pGP-SIV-(SalI)-syn-6xHis-noRSET--1NIW_N19L_LKI_GCaMP6s_IRES-nls-mCherry-WPRE.500.51,500dot51
pGP-SIV-(SalI)-syn-6xHis-noRSET--1NIW_N19P_LKI_GCaMP6s_IRES-nls-mCherry-WPRE.500.53,500dot53
pGP-SIV-(SalI)-syn-6xHis-noRSET--1NIW_N19Q_LKI_GCaMP6s_IRES-nls-mCherry-WPRE.500.54,500dot54
pGP-SIV-(SalI)-syn-6xHis-noRSET--1NIW_N19R_LKI_GCaMP6s_IRES-nls-mCherry-WPRE.500.55,500dot55
pGP-SIV-(SalI)-syn-6xHis-noRSET--1NIW_N19S_LKI_GCaMP6s_IRES-nls-mCherry-WPRE.500.56,500dot56
pGP-SIV-(SalI)-syn-6xHis-noRSET--1NIW_N19T_LKI_GCaMP6s_IRES-nls-mCherry-WPRE.500.57,500dot57
pGP-SIV-(SalI)-syn-6xHis-noRSET--1NIW_N19V_LKI_GCaMP6s_IRES-nls-mCherry-WPRE.500.58,500dot58
pGP-SIV-(SalI)-syn-6xHis-noRSET--1NIW_N19Y_LKI_GCaMP6s_IRES-nls-mCherry-WPRE.500.59,500dot59
pGP-SIV-(SalI)-syn-6xHis-noRSET--1NIW_F14D_LKI_GCaMP6s_IRES-nls-mCherry-WPRE.500.6,500dot6
pGP-SIV-(SalI)-syn-6xHis-noRSET--1NIW_S24A_LKI_GCaMP6s_IRES-nls-mCherry-WPRE.500.60,500dot60
pGP-SIV-(SalI)-syn-6xHis-noRSET--1NIW_S24C_LKI_GCaMP6s_IRES-nls-mCherry-WPRE.500.61,500dot61
pGP-SIV-(SalI)-syn-6xHis-noRSET--1NIW_S24D_LKI_GCaMP6s_IRES-nls-mCherry-WPRE.500.62,500dot62
pGP-SIV-(SalI)-syn-6xHis-noRSET--1NIW_S24E_LKI_GCaMP6s_IRES-nls-mCherry-WPRE.500.63,500dot63
pGP-SIV-(SalI)-syn-6xHis-noRSET--1NIW_S24F_LKI_GCaMP6s_IRES-nls-mCherry-WPRE.500.64,500dot64
pGP-SIV-(SalI)-syn-6xHis-noRSET-1NIW_N19T_S24I_S26R_Q88E_Q315L_E413N_LKI_GCaMP6s_IRES-nls-mCherry-WPRE.500.647,500dot647
pGP-SIV-(SalI)-syn-6xHis-noRSET-1NIW_N19T_S24I_S26R_Q88E_Q315L_M419S_LKI_GCaMP6s_IRES-nls-mCherry-WPRE.500.648,500dot648
pGP-SIV-(SalI)-syn-6xHis-noRSET-1NIW_N19T_S24I_S26R_Q88E_Q315L_A421Q_LKI_GCaMP6s_IRES-nls-mCherry-WPRE.500.649,500dot649
pGP-SIV-(SalI)-syn-6xHis-noRSET--1NIW_S24G_LKI_GCaMP6s_IRES-nls-mCherry-WPRE.500.65,500dot65
pGP-SIV-(SalI)-syn-6xHis-noRSET-1NIW_N19T_S26R_Q88E_E413N_LKI_GCaMP6s_IRES-nls-mCherry-WPRE.500.650,500dot650
pGP-SIV-(SalI)-syn-6xHis-noRSET-1NIW_N19T_S26R_Q88E_A421Q_LKI_GCaMP6s_IRES-nls-mCherry-WPRE.500.651,500dot651
pGP-SIV-(SalI)-syn-6xHis-noRSET-1NIW_N19T_S24I_S26R_Q88E_E413N_A421Q_LKI_GCaMP6s_IRES-nls-mCherry-WPRE.500.652,500dot652
pGP-SIV-(SalI)-syn-6xHis-noRSET-1NIW_N19T_S26R_Q88E_E288A_LKI_GCaMP6s_IRES-nls-mCherry-WPRE.500.653,500dot653
pGP-SIV-(SalI)-syn-6xHis-noRSET-1NIW_N19T_S26R_Q88E_A362S_LKI_GCaMP6s_IRES-nls-mCherry-WPRE.500.654,500dot654
pGP-SIV-(SalI)-syn-6xHis-noRSET-1NIW_N19T_S26R_Q88E_Q315L_A362S_LKI_GCaMP6s_IRES-nls-mCherry-WPRE.500.655,500dot655
pGP-SIV-(SalI)-syn-6xHis-noRSET-1NIW_N19T_S26R_Q88E_E288A_M346Q_LKI_GCaMP6s_IRES-nls-mCherry-WPRE.500.656,500dot656
pGP-SIV-(SalI)-syn-6xHis-noRSET-1NIW_N19T_S24I_S26R_L30D_Q88E_Q315L_LKI_GCaMP6s_IRES-nls-mCherry-WPRE.500.657,500dot657
pGP-SIV-(SalI)-syn-6xHis-noRSET-1NIW_N19T_S24I_S26R_Q88E_E288A_Q315L_LKI_GCaMP6s_IRES-nls-mCherry-WPRE.500.658,500dot658
pGP-SIV-(SalI)-syn-6xHis-noRSET-1NIW_N19T_S24I_S26R_Q88E_F286Y_E288A_LKI_GCaMP6s_IRES-nls-mCherry-WPRE.500.659,500dot659
pGP-SIV-(SalI)-syn-6xHis-noRSET--1NIW_S24H_LKI_GCaMP6s_IRES-nls-mCherry-WPRE.500.66,500dot66
pGP-SIV-(SalI)-syn-6xHis-noRSET-1NIW_N19T_S26R_Q88E_M346Q_LKI_GCaMP6s_IRES-nls-mCherry-WPRE.500.660,500dot660
pGP-SIV-(SalI)-syn-6xHis-noRSET-1NIW_N19T_S26R_Q88E_M419S_LKI_GCaMP6s_IRES-nls-mCherry-WPRE.500.661,500dot661
pGP-SIV-(SalI)-syn-6xHis-noRSET-1NIW_N19T_S26R_Q88E_E288A_M346Q_M419S_LKI_GCaMP6s_IRES-nls-mCherry-WPRE.500.662,500dot662
pGP-SIV-(SalI)-syn-6xHis-noRSET-1NIW_N19T_S24I_S26R_Q88E_Q315L_E413N_M421Q_LKI_GCaMP6s_IRES-nls-mCherry-WPRE.500.665,500dot665
pGP-SIV-(SalI)-syn-6xHis-noRSET-1NIW_N19T_S26R_Q88E_Q315L_LKI_GCaMP6s_IRES-nls-mCherry-WPRE.500.666,500dot666
pGP-SIV-(SalI)-syn-6xHis-noRSET-1NIW_N19T_S26R_L30D_Q88E_DKI_GCaMP6s_IRES-nls-mCherry-WPRE.500.667,500dot667
pGP-SIV-(SalI)-syn-6xHis-noRSET-1NIW_N19T_S26R_Q88E_F286Y_LKI_GCaMP6s_IRES-nls-mCherry-WPRE.500.668,500dot668
pGP-SIV-(SalI)-syn-6xHis-noRSET-1NIW_N19T_S26R_Q88E_M346Q_M419S_LKI_GCaMP6s_IRES-nls-mCherry-WPRE.500.669,500dot669
pGP-SIV-(SalI)-syn-6xHis-noRSET--1NIW_S24I_LKI_GCaMP6s_IRES-nls-mCherry-WPRE.500.67,500dot67
pGP-SIV-(SalI)-syn-6xHis-noRSET-1NIW_S26R_M419S_LKI_GCaMP6s_IRES-nls-mCherry-WPRE.500.670,500dot670
pGP-SIV-(SalI)-syn-6xHis-noRSET-1NIW_S26R_M346Q_M419S_LKI_GCaMP6s_IRES-nls-mCherry-WPRE.500.671,500dot671
pGP-SIV-(SalI)-syn-6xHis-noRSET-1NIW_N19T_S24I_S26R_Q88E_F286Y_Q315H_LKI_GCaMP6s_IRES-nls-mCherry-WPRE.500.672,500dot672
pGP-SIV-(SalI)-syn-6xHis-noRSET--1NIW_S24K_LKI_GCaMP6s_IRES-nls-mCherry-WPRE.500.68,500dot68
pGP-SIV-(SalI)-syn-6xHis-noRSET--1NIW_S24L_LKI_GCaMP6s_IRES-nls-mCherry-WPRE.500.69,500dot69
pGP-SIV-(SalI)-syn-6xHis-noRSET--1NIW_F14E_LKI_GCaMP6s_IRES-nls-mCherry-WPRE.500.7,500dot7
pGP-SIV-(SalI)-syn-6xHis-noRSET--1NIW_S24M_LKI_GCaMP6s_IRES-nls-mCherry-WPRE.500.70,500dot70
pGP-SIV-(SalI)-syn-6xHis-noRSET--1NIW_S24N_LKI_GCaMP6s_IRES-nls-mCherry-WPRE.500.71,500dot71
pGP-SIV-(SalI)-syn-6xHis-noRSET--1NIW_S24P_LKI_GCaMP6s_IRES-nls-mCherry-WPRE.500.72,500dot72
pGP-SIV-(SalI)-syn-6xHis-noRSET--1NIW_S24Q_LKI_GCaMP6s_IRES-nls-mCherry-WPRE.500.73,500dot73
pGP-SIV-(SalI)-syn-6xHis-noRSET--1NIW_S24R_LKI_GCaMP6s_IRES-nls-mCherry-WPRE.500.74,500dot74
pGP-SIV-(SalI)-syn-6xHis-noRSET--1NIW_S24T_LKI_GCaMP6s_IRES-nls-mCherry-WPRE.500.75,500dot75
pGP-SIV-(SalI)-syn-6xHis-noRSET--1NIW_S24Y_LKI_GCaMP6s_IRES-nls-mCherry-WPRE.500.77,500dot77
pGP-SIV-(SalI)-syn-6xHis-noRSET--1NIW_A25C_LKI_GCaMP6s_IRES-nls-mCherry-WPRE.500.78,500dot78
pGP-SIV-(SalI)-syn-6xHis-noRSET--1NIW_A25D_LKI_GCaMP6s_IRES-nls-mCherry-WPRE.500.79,500dot79
pGP-SIV-(SalI)-syn-6xHis-noRSET--1NIW_F14G_LKI_GCaMP6s_IRES-nls-mCherry-WPRE.500.8,500dot8
pGP-SIV-(SalI)-syn-6xHis-noRSET--1NIW_A25E_LKI_GCaMP6s_IRES-nls-mCherry-WPRE.500.80,500dot80
pGP-SIV-(SalI)-syn-6xHis-noRSET--1NIW_A25F_LKI_GCaMP6s_IRES-nls-mCherry-WPRE.500.81,500dot81
pGP-SIV-(SalI)-syn-6xHis-noRSET--1NIW_A25G_LKI_GCaMP6s_IRES-nls-mCherry-WPRE.500.82,500dot82
pGP-SIV-(SalI)-syn-6xHis-noRSET--1NIW_A25H_LKI_GCaMP6s_IRES-nls-mCherry-WPRE.500.83,500dot83
pGP-SIV-(SalI)-syn-6xHis-noRSET--1NIW_A25I_LKI_GCaMP6s_IRES-nls-mCherry-WPRE.500.84,500dot84
pGP-SIV-(SalI)-syn-6xHis-noRSET--1NIW_A25K_LKI_GCaMP6s_IRES-nls-mCherry-WPRE.500.85,500dot85
pGP-SIV-(SalI)-syn-6xHis-noRSET--1NIW_A25L_LKI_GCaMP6s_IRES-nls-mCherry-WPRE.500.86,500dot86
pGP-SIV-(SalI)-syn-6xHis-noRSET--1NIW_A25M_LKI_GCaMP6s_IRES-nls-mCherry-WPRE.500.87,500dot87
pGP-SIV-(SalI)-syn-6xHis-noRSET--1NIW_A25N_LKI_GCaMP6s_IRES-nls-mCherry-WPRE.500.88,500dot88
pGP-SIV-(SalI)-syn-6xHis-noRSET--1NIW_A25P_LKI_GCaMP6s_IRES-nls-mCherry-WPRE.500.89,500dot89
pGP-SIV-(SalI)-syn-6xHis-noRSET--1NIW_F14H_LKI_GCaMP6s_IRES-nls-mCherry-WPRE.500.9,500dot9
pGP-SIV-(SalI)-syn-6xHis-noRSET--1NIW_A25Q_LKI_GCaMP6s_IRES-nls-mCherry-WPRE.500.90,500dot90
pGP-SIV-(SalI)-syn-6xHis-noRSET--1NIW_A25R_LKI_GCaMP6s_IRES-nls-mCherry-WPRE.500.91,500dot91
pGP-SIV-(SalI)-syn-6xHis-noRSET--1NIW_A25S_LKI_GCaMP6s_IRES-nls-mCherry-WPRE.500.92,500dot92
pGP-SIV-(SalI)-syn-6xHis-noRSET--1NIW_A25T_LKI_GCaMP6s_IRES-nls-mCherry-WPRE.500.93,500dot93
pGP-SIV-(SalI)-syn-6xHis-noRSET--1NIW_A25V_LKI_GCaMP6s_IRES-nls-mCherry-WPRE.500.94,500dot94
pGP-SIV-(SalI)-syn-6xHis-noRSET--1NIW_A25W_LKI_GCaMP6s_IRES-nls-mCherry-WPRE.500.95,500dot95
pGP-SIV-(SalI)-syn-6xHis-noRSET--1NIW_A25Y_LKI_GCaMP6s_IRES-nls-mCherry-WPRE.500.96,500dot96
pGP-SIV-(SalI)-syn-6xHis-noRSET--1NIW_S26A_LKI_GCaMP6s_IRES-nls-mCherry-WPRE.500.97,500dot97
pGP-SIV-(SalI)-syn-6xHis-noRSET--1NIW_S26C_LKI_GCaMP6s_IRES-nls-mCherry-WPRE.500.98,500dot98
pGP-SIV-(SalI)-syn-6xHis-noRSET--1NIW_S26E_LKI_GCaMP6s_IRES-nls-mCherry-WPRE.500.99,500dot99
pGP-SIV-(SalI)-syn-6xHis-noRSET-1NIW_N19T_S24I_S26R_Q88E_LKI_GCaMP6s_IRES-nls-mCherry-WPRE.500.333,500dot333
pGP-SIV-(SalI)-syn-6xHis-noRSET-1NIW_Q315K_N19T_S24I_S26R_Q88E_LKI_GCaMP6s_IRES-nls-mCherry-WPRE.500.455,500dot455
pGP-SIV-(SalI)-syn-6xHis-noRSET-1NIW_Q315L_N19T_S24I_S26R_Q88E_LKI_GCaMP6s_IRES-nls-mCherry-WPRE.500.456,500dot456
pGP-SIV-(SalI)-syn-6xHis-noRSET-1NIW_N19T_S24I_S26R_Q88E_M346Q_LKI_GCaMP6s_IRES-nls-mCherry-WPRE.500.543,500dot543
pGP-SIV-(SalI)-syn-6xHis-noRSET-1NIW_N19T_S24I_S26R_Q88E_M419S_Linker1LKI_GCaMP6s_IRES-nls-mCherry-WPRE.500.640,500dot640
pGP-SIV-(SalI)-syn-6xHis-noRSET-1NIW_N19T_S24I_A25G_S26R_Q88E_F286Y_LKI_GCaMP6s_IRES-nls-mCherry-WPRE.500.686,500dot686
pGP-SIV-(SalI)-syn-6xHis-noRSET-1NIW_N19T_S24I_S26M_Q88E_F286Y_Q315H_LKI_GCaMP6s_IRES-nls-mCherry-WPRE.500.688,500dot688
pGP-SIV-(SalI)-syn-6xHis-noRSET-1NIW_N19T_S24I_S26R_Q88E_F286Y_E288Q_Q315H_LKI_GCaMP6s_IRES-nls-mCherry-WPRE.500.707,500dot707
pGP-SIV-(SalI)-syn-6xHis-noRSET-1NIW_S26R_M28S_Q88E_LKI_GCaMP6s_IRES-nls-mCherry-WPRE.500.712,500dot712
